{
  "$schema": "https://developer.microsoft.com/json-schemas/spfx/client-side-web-part-manifest.schema.json",
  "id": "6ffbe90d-1566-4048-a7f9-d0b8ff753512",
  "alias": "PrAppWebPart",
  "componentType": "WebPart",
  "version": "*",
  "manifestVersion": 2,
  "requiresCustomScript": false,
  "supportedHosts": ["SharePointWebPart", "TeamsPersonalApp", "TeamsTab", "SharePointFullPage"],
  "supportsThemeVariants": true,


  "preconfiguredEntries": [{
    "groupId": "5c03119e-3074-46fd-976b-c60198311f70",
    "group": { "default": "Other" },
    "title": { "default": "PrApp" },
    "description": { "default": "PrApp description" },
    "officeFabricIconFontName": "Page",
    "properties": {
      "description": "PrApp"
    }
  }]
}
