[
    {
        "EmployeeID": "1",
        "LastName": "Lipps",
        "FirstName": "Randall",
        "KnownAs": "Randy",
        "ManagerID": "",
        "ManagerName": "",
        "WorkLocation": "Austin  TX",
        "JobFamily": "General & Administrative",
        "BusinessUnit": "Randy Lipps",
        "JobCode": "GA1",
        "JobDescription": "Chairman/President/CEO",
        "Status": "Active",
        "CostCenter": "710001",
        "DepartmentName": "710001 - General and Administration",
        "CompanyCode": "OM01",
        "LegalEntity": "Omnicell, Inc.",
        "JobLevel": "CEO",
        "HomeCity": "Austin",
        "HomeState": "TX",
        "AssignmentCategory": "Regular (Employee)",
        "HireDate": "1992-10-20T00:00:00",
        "LatestHireDate": "1992-10-20T00:00:00",
        "LegacyCompany": "OMNI      ",
        "CountryKey": "US",
        "CurrencyKey": "USD",
        "HomeAddressCountry": "US",
        "Email": "randall.lipps@omnicell.com",
        "TermDate": null,
        "EvpCode": "Randall Lipps",
        "EvpId": 1,
        "FlsaStatus": "EXEMPT",
        "AssignmentType": "Employee",
        "ProjectedStartDate": null,
        "HrbpName": "Stacey Walker",
        "LanguageKey": "E"
    },
    {
        "EmployeeID": "1001",
        "LastName": "Rickaway",
        "FirstName": "James",
        "KnownAs": "James",
        "ManagerID": "1529",
        "ManagerName": "Rudeyna Quadri",
        "WorkLocation": "Remote",
        "JobFamily": "Professional Services",
        "BusinessUnit": "NA Customer - Technical Services",
        "JobCode": "PS5824P",
        "JobDescription": "Principal Technical Support Engineer",
        "Status": "Active",
        "CostCenter": "240612",
        "DepartmentName": "240612 - TAC Level 3",
        "CompanyCode": "OM01",
        "LegalEntity": "Omnicell, Inc.",
        "JobLevel": "IC",
        "HomeCity": "Lebanon",
        "HomeState": "TN",
        "AssignmentCategory": "Temporary Worker (Contingent)",
        "HireDate": "2019-03-04T00:00:00",
        "LatestHireDate": "2019-03-04T00:00:00",
        "LegacyCompany": "OMNI      ",
        "CountryKey": "US",
        "CurrencyKey": "   ",
        "HomeAddressCountry": "US",
        "Email": "James.Rickaway@omnicell.com",
        "TermDate": null,
        "EvpCode": "Minoo Mortazavi",
        "EvpId": 7663,
        "FlsaStatus": "EXEMPT",
        "AssignmentType": "Contingent Worker",
        "ProjectedStartDate": null,
        "HrbpName": "",
        "LanguageKey": "E"
    },
    {
        "EmployeeID": "1002",
        "LastName": "Cline",
        "FirstName": "James",
        "KnownAs": "Jim",
        "ManagerID": "1155",
        "ManagerName": "Joni Kripal",
        "WorkLocation": "Cranberry Township  PA",
        "JobFamily": "Sales",
        "BusinessUnit": "NA Growth - Sales",
        "JobCode": "SALS315R",
        "JobDescription": "Director, Regional Sales",
        "Status": "Active",
        "CostCenter": "660501",
        "DepartmentName": "660501 - Sales West",
        "CompanyCode": "OM31",
        "LegalEntity": "Omnicell, Inc.",
        "JobLevel": "Director",
        "HomeCity": "Myrtle Beach",
        "HomeState": "SC",
        "AssignmentCategory": "Regular (Employee)",
        "HireDate": "2003-08-16T00:00:00",
        "LatestHireDate": "2003-08-16T00:00:00",
        "LegacyCompany": "OMNI      ",
        "CountryKey": "US",
        "CurrencyKey": "USD",
        "HomeAddressCountry": "US",
        "Email": "jimc@omnicell.com",
        "TermDate": null,
        "EvpCode": "Jeffrey Schlossnagle",
        "EvpId": 1172,
        "FlsaStatus": "EXEMPT",
        "AssignmentType": "Employee",
        "ProjectedStartDate": null,
        "HrbpName": "Dino Lagattolla",
        "LanguageKey": "E"
    },
    {
        "EmployeeID": "1004",
        "LastName": "Burroughs",
        "FirstName": "Kevin",
        "KnownAs": "",
        "ManagerID": "",
        "ManagerName": "",
        "WorkLocation": "",
        "JobFamily": "Engineering",
        "BusinessUnit": "Engineering",
        "JobCode": "ENG5224PM",
        "JobDescription": "Sr. Program Manager, CX Solutions Integration ",
        "Status": "Withdrawn",
        "CostCenter": "340109",
        "DepartmentName": "340109 - Engineering External Validation",
        "CompanyCode": "OM01",
        "LegalEntity": "Omnicell, Inc.",
        "JobLevel": "IC",
        "HomeCity": "Chesterfield",
        "HomeState": "VA",
        "AssignmentCategory": "Regular (Employee)",
        "HireDate": "2003-08-16T00:00:00",
        "LatestHireDate": "2003-08-16T00:00:00",
        "LegacyCompany": "OMNI      ",
        "CountryKey": "US",
        "CurrencyKey": "USD",
        "HomeAddressCountry": "US",
        "Email": "KEVIN.BURROUGHS@OMNICELL.COM",
        "TermDate": "2020-02-19T00:00:00",
        "EvpCode": "Virad Gupta",
        "EvpId": 7518,
        "FlsaStatus": "EXEMPT",
        "AssignmentType": "Employee",
        "ProjectedStartDate": null,
        "HrbpName": "Dino Lagattolla",
        "LanguageKey": "E"
    },
    {
        "EmployeeID": "1006",
        "LastName": "Alexander-Vaughn",
        "FirstName": "Suzanne",
        "KnownAs": "",
        "ManagerID": "",
        "ManagerName": "",
        "WorkLocation": "",
        "JobFamily": "Product Management",
        "BusinessUnit": "International",
        "JobCode": "MAR5225M",
        "JobDescription": "Sr. Product Manager",
        "Status": "Withdrawn",
        "CostCenter": "560530",
        "DepartmentName": "560530 - New Growth Initiatives Prod Mgmt",
        "CompanyCode": "OM01",
        "LegalEntity": "Omnicell, Inc.",
        "JobLevel": "IC",
        "HomeCity": "Tullahoma",
        "HomeState": "TN",
        "AssignmentCategory": "Regular (Employee)",
        "HireDate": "2003-08-16T00:00:00",
        "LatestHireDate": "2014-11-03T00:00:00",
        "LegacyCompany": "OMNI      ",
        "CountryKey": "US",
        "CurrencyKey": "USD",
        "HomeAddressCountry": "US",
        "Email": "SUZANNE.ALEXANDER@OMNICELL.COM",
        "TermDate": "2020-05-30T00:00:00",
        "EvpCode": "Sara Dalmasso",
        "EvpId": 7581,
        "FlsaStatus": "EXEMPT",
        "AssignmentType": "Employee",
        "ProjectedStartDate": null,
        "HrbpName": "Dino Lagattolla",
        "LanguageKey": "E"
    },
    {
        "EmployeeID": "1016",
        "LastName": "Christianson",
        "FirstName": "Jon",
        "KnownAs": "Jon",
        "ManagerID": "7301",
        "ManagerName": "Bill Fletcher",
        "WorkLocation": "Remote",
        "JobFamily": "Service",
        "BusinessUnit": "NA Customer - Technical Services",
        "JobCode": "SERV5863FS",
        "JobDescription": "Field Service Engineer III",
        "Status": "Active",
        "CostCenter": "220501",
        "DepartmentName": "220501 - Field Service Engineers",
        "CompanyCode": "OM01",
        "LegalEntity": "Omnicell, Inc.",
        "JobLevel": "IC",
        "HomeCity": "Milaca",
        "HomeState": "MN",
        "AssignmentCategory": "Regular (Employee)",
        "HireDate": "2003-10-01T00:00:00",
        "LatestHireDate": "2003-10-01T00:00:00",
        "LegacyCompany": "OMNI      ",
        "CountryKey": "US",
        "CurrencyKey": "USD",
        "HomeAddressCountry": "US",
        "Email": "jonc@omnicell.com",
        "TermDate": null,
        "EvpCode": "Minoo Mortazavi",
        "EvpId": 7663,
        "FlsaStatus": "NONEXEMPT",
        "AssignmentType": "Employee",
        "ProjectedStartDate": null,
        "HrbpName": "Dino Lagattolla",
        "LanguageKey": "E"
    },
    {
        "EmployeeID": "1020",
        "LastName": "Kuczma",
        "FirstName": "Gary",
        "KnownAs": "Gary",
        "ManagerID": "",
        "ManagerName": "",
        "WorkLocation": "",
        "JobFamily": "Service",
        "BusinessUnit": "NA Customer - Technical Services",
        "JobCode": "SERV5863FS",
        "JobDescription": "Field Service Engineer III",
        "Status": "Withdrawn",
        "CostCenter": "220501",
        "DepartmentName": "220501 - Field Service Engineers",
        "CompanyCode": "OM01",
        "LegalEntity": "Omnicell, Inc.",
        "JobLevel": "IC",
        "HomeCity": "Bethel Park",
        "HomeState": "PA",
        "AssignmentCategory": "Regular (Employee)",
        "HireDate": "2003-10-11T00:00:00",
        "LatestHireDate": "2003-10-11T00:00:00",
        "LegacyCompany": "OMNI      ",
        "CountryKey": "US",
        "CurrencyKey": "USD",
        "HomeAddressCountry": "US",
        "Email": "Gary.Kuczma@omnicell.com",
        "TermDate": "2023-04-02T00:00:00",
        "EvpCode": "Minoo Mortazavi",
        "EvpId": 7663,
        "FlsaStatus": "NONEXEMPT",
        "AssignmentType": "Employee",
        "ProjectedStartDate": null,
        "HrbpName": "Dino Lagattolla",
        "LanguageKey": "E"
    }
]